driverRef,forename,surname,dob,nationality_x
mario_andretti,Mario,Andretti,1940-02-28,American
ickx,Jacky,Ickx,1945-01-01,Belgian
oliver,Jackie,Oliver,1942-08-14,British
amon,Chris,Amon,1943-07-20,New Zealander
pescarolo,Henri,Pescarolo,1942-09-25,French
hill,Graham,Hill,1929-02-15,British
charlton,Dave,Charlton,1936-10-27,South African
hulme,Denny,Hulme,1936-06-18,New Zealander
hailwood,Mike,Hailwood,1940-04-02,British
beltoise,Jean-Pierre,Beltoise,1937-04-26,French
revson,Peter,Revson,1939-02-27,American
driver,Paddy,Driver,1934-05-13,South African
redman,Brian,Redman,1937-03-09,British
bell,Derek,Bell,1941-10-31,British
hobbs,David,Hobbs,1939-06-09,British
wietzes,Eppie,Wietzes,1938-05-28,Canadian
stewart,Jackie,Stewart,1939-06-11,British
adamich,Andrea,de Adamich,1941-10-03,Italian
pretorius,Jackie,Pretorius,1934-11-22,South African
love,John,Love,1924-12-07,Rhodesian
surtees,John,Surtees,1934-02-11,British
brack,Bill,Brack,1935-12-26,Canadian
rodriguez,Pedro,Rodríguez,1940-01-18,Mexican
siffert,Jo,Siffert,1936-07-07,Swiss
bonnier,Jo,Bonnier,1930-01-31,Swedish
elford,Vic,Elford,1935-06-10,British
moser,Silvio,Moser,1941-04-24,Swiss
eaton,George,Eaton,1945-11-12,Canadian
lovely,Pete,Lovely,1926-04-11,American
jack_brabham,Jack,Brabham,1926-04-02,Australian
miles,John,Miles,1943-06-14,British
rindt,Jochen,Rindt,1942-04-18,Austrian
gavin,Johnny,Servoz-Gavin,1942-01-18,French
mclaren,Bruce,McLaren,1937-08-30,New Zealander
courage,Piers,Courage,1942-05-27,British
klerk,Peter,de Klerk,1935-03-16,South African
gurney,Dan,Gurney,1931-04-13,American
hahne,Hubert,Hahne,1935-03-28,German
tingle,Sam,Tingle,1921-08-24,Rhodesian
rooyen,Basil,van Rooyen,1939-04-19,South African
attwood,Richard,Attwood,1940-04-04,British
pease,Al,Pease,1921-10-15,Canadian
cordts,John,Cordts,1935-07-23,Canadian
clark,Jim,Clark,1936-03-04,British
spence,Mike,Spence,1936-12-30,British
scarfiotti,Ludovico,Scarfiotti,1933-10-18,Italian
bianchi,Lucien,Bianchi,1934-11-10,Belgian
jo_schlesser,Jo,Schlesser,1928-05-18,French
widdows,Robin,Widdows,1942-05-27,British
ahrens,Kurt,Ahrens,1940-04-19,German
gardner,Frank,Gardner,1930-10-01,Australian
unser,Bobby,Unser,1934-02-20,American
solana,Moisés,Solana,1935-12-26,Mexican
anderson,Bob,Anderson,1931-05-19,British
botha,Luki,Botha,1930-01-16,South African
bandini,Lorenzo,Bandini,1935-12-21,Italian
ginther,Richie,Ginther,1930-08-05,American
parkes,Mike,Parkes,1931-09-24,British
irwin,Chris,Irwin,1942-06-27,British
ligier,Guy,Ligier,1930-07-12,French
rees,Alan,Rees,1938-01-12,British
hart,Brian,Hart,1936-09-07,British
fisher,Mike,Fisher,1943-03-13,American
tom_jones,Tom,Jones,1943-04-26,American
baghetti,Giancarlo,Baghetti,1934-12-25,Italian
williams,Jonathan,Williams,1942-10-26,British
bondurant,Bob,Bondurant,1933-04-27,American
arundell,Peter,Arundell,1933-11-08,British
vic_wilson,Vic,Wilson,1931-04-14,British
taylor,John,Taylor,1933-03-23,British
lawrence,Chris,Lawrence,1933-07-27,British
trevor_taylor,Trevor,Taylor,1936-12-26,British
geki,Giacomo,Russo,1937-10-23,Italian
phil_hill,Phil,Hill,1927-04-20,American
ireland,Innes,Ireland,1930-06-12,British
bucknum,Ronnie,Bucknum,1936-04-05,American
hawkins,Paul,Hawkins,1937-10-12,Australian
prophet,David,Prophet,1937-10-09,British
maggs,Tony,Maggs,1937-02-09,South African
blokdyk,Trevor,Blokdyk,1935-11-30,South African
lederle,Neville,Lederle,1938-09-25,South African
serrurier,Doug,Serrurier,1920-12-09,South African
niemann,Brausch,Niemann,1939-01-07,South African
pieterse,Ernie,Pieterse,1938-07-04,South African
puzey,Clive,Puzey,1941-07-11,Rhodesian
reed,Ray,Reed,1932-04-30,South African
clapham,David,Clapham,1931-05-18,South African
blignaut,Alex,Blignaut,1932-11-30,South African
gregory,Masten,Gregory,1932-02-29,American
rhodes,John,Rhodes,1927-08-18,British
raby,Ian,Raby,1921-09-22,British
rollinson,Alan,Rollinson,1943-05-15,British
gubby,Brian,Gubby,1934-04-17,British
mitter,Gerhard,Mitter,1935-08-30,German
bussinello,Roberto,Bussinello,1927-10-04,Italian
vaccarella,Nino,Vaccarella,1933-03-04,Italian
bassi,Giorgio,Bassi,1934-01-20,Italian
trintignant,Maurice,Trintignant,1917-10-30,French
collomb,Bernard,Collomb,1930-10-07,French
andre_pilette,André,Pilette,1918-10-06,Belgian
beaufort,Carel Godin,de Beaufort,1934-04-10,Dutch
barth,Edgar,Barth,1917-01-26,German
cabral,Mário de Araújo,Cabral,1934-01-15,Portuguese
hansgen,Walt,Hansgen,1919-10-28,American
sharp,Hap,Sharp,1928-01-01,American
mairesse,Willy,Mairesse,1928-10-01,Belgian
campbell-jones,John,Campbell-Jones,1930-01-21,British
burgess,Ian,Burgess,1930-07-06,British
settember,Tony,Settember,1926-07-10,American
estefano,Nasif,Estéfano,1932-11-18,Argentine
hall,Jim,Hall,1935-07-23,American
parnell,Tim,Parnell,1932-06-25,British
kuhnke,Kurt,Kuhnke,1910-04-30,German
ernesto_brambilla,Ernesto,Brambilla,1934-01-31,Italian
lippi,Roberto,Lippi,1926-10-17,Italian
seiffert,Günther,Seiffert,1937-10-18,German
abate,Carlo,Abate,1932-07-10,Italian
starrabba,Gaetano,Starrabba,1932-12-03,Italian
broeker,Peter,Broeker,1926-05-15,Canadian
ward,Rodger,Ward,1921-01-10,American
vos,Ernie,de Vos,1941-07-01,Dutch
dochnal,Frank,Dochnal,1920-10-08,American
monarch,Thomas,Monarch,1945-09-03,American
lewis,Jackie,Lewis,1936-11-01,British
ricardo_rodriguez,Ricardo,Rodríguez,1942-02-14,Mexican
seidel,Wolfgang,Seidel,1926-07-04,German
salvadori,Roy,Salvadori,1922-05-12,British
pon,Ben,Pon,1936-12-09,Dutch
slotemaker,Rob,Slotemaker,1929-06-13,Dutch
marsh,Tony,Marsh,1931-07-20,British
ashmore,Gerry,Ashmore,1936-07-25,British
schiller,Heinz,Schiller,1930-01-25,Swiss
davis,Colin,Davis,1933-07-29,British
chamberlain,Jay,Chamberlain,1925-12-29,American
shelly,Tony,Shelly,1937-02-02,New Zealander
greene,Keith,Greene,1938-01-05,British
walter,Heini,Walter,1927-07-28,Swiss
prinoth,Ernesto,Prinoth,1923-04-15,Italian
penske,Roger,Penske,1937-02-20,American
schroeder,Rob,Schroeder,1926-05-11,British
mayer,Timmy,Mayer,1938-02-22,American
johnstone,Bruce,Johnstone,1937-01-30,South African
harris,Mike,Harris,1939-05-25,South African
hocking,Gary,Hocking,1937-09-30,Rhodesian
vyver,Syd,van der Vyver,1920-06-01,South African
moss,Stirling,Moss,1929-09-17,British
trips,Wolfgang,von Trips,1928-05-04,German
allison,Cliff,Allison,1932-02-08,British
herrmann,Hans,Herrmann,1928-02-23,German
brooks,Tony,Brooks,1932-02-25,British
may,Michael,May,1934-08-18,Swiss
henry_taylor,Henry,Taylor,1932-12-16,British
gendebien,Olivier,Gendebien,1924-01-12,Belgian
scarlatti,Giorgio,Scarlatti,1921-10-02,Italian
naylor,Brian,Naylor,1923-03-24,British
bordeu,Juan Manuel,Bordeu,1934-01-28,Argentine
fairman,Jack,Fairman,1913-03-15,British
natili,Massimo,Natili,1935-07-28,Italian
monteverdi,Peter,Monteverdi,1934-06-07,Swiss
pirocchi,Renato,Pirocchi,1933-03-26,Italian
duke,Geoff,Duke,1923-03-29,British
thiele,Alfonso,Thiele,1920-04-05,American-Italian
boffa,Menato,Boffa,1930-01-04,Italian
ryan,Peter,Ryan,1940-06-10,Canadian
ruby,Lloyd,Ruby,1928-01-12,American
ken_miles,Ken,Miles,1918-11-01,British
menditeguy,Carlos,Menditeguy,1914-08-10,Argentine
larreta,Alberto Rodriguez,Larreta,1934-01-14,Argentine
gonzalez,José Froilán,González,1922-10-05,Argentine
bonomi,Roberto,Bonomi,1919-09-30,Argentine
munaron,Gino,Munaron,1928-04-02,Italian
schell,Harry,Schell,1921-06-29,American
stacey,Alan,Stacey,1933-08-29,British
chimeri,Ettore,Chimeri,1921-06-04,Venezuelan
creus,Antonio,Creus,1924-10-28,Spanish
bristow,Chris,Bristow,1937-12-02,British
halford,Bruce,Halford,1931-05-18,British
daigh,Chuck,Daigh,1923-11-29,American
reventlow,Lance,Reventlow,1936-02-24,American
rathmann,Jim,Rathmann,1928-07-16,American
goldsmith,Paul,Goldsmith,1925-10-02,American
branson,Don,Branson,1920-06-02,American
thomson,Johnny,Thomson,1922-04-09,American
johnson,Eddie,Johnson,1919-02-10,American
veith,Bob,Veith,1926-11-01,American
tingelstad,Bud,Tingelstad,1928-04-04,American
christie,Bob,Christie,1924-04-04,American
amick,Red,Amick,1929-01-19,American
darter,Duane,Carter,1913-05-05,American
homeier,Bill,Homeier,1918-08-31,American
hartley,Gene,Hartley,1926-01-28,American
stevenson,Chuck,Stevenson,1919-10-15,American
grim,Bobby,Grim,1924-09-04,American
templeman,Shorty,Templeman,1919-08-12,American
hurtubise,Jim,Hurtubise,1932-12-05,American
bryan,Jimmy,Bryan,1926-01-28,American
ruttman,Troy,Ruttman,1930-03-11,American
sachs,Eddie,Sachs,1927-05-28,American
freeland,Don,Freeland,1925-03-25,American
bettenhausen,Tony,Bettenhausen,1916-09-12,American
weiler,Wayne,Weiler,1934-12-09,American
foyt,Anthony,Foyt,1935-01-16,American
russo,Eddie,Russo,1925-11-19,American
boyd,Johnny,Boyd,1926-08-19,American
force,Gene,Force,1916-06-15,American
mcwithey,Jim,McWithey,1927-07-04,American
sutton,Len,Sutton,1925-08-09,American
dick_rathmann,Dick,Rathmann,1924-01-06,American
herman,Al,Herman,1927-03-15,American
dempsey_wilson,Dempsey,Wilson,1927-03-11,American
mike_taylor,Mike,Taylor,1934-04-24,British
flockhart,Ron,Flockhart,1923-06-16,British
piper,David,Piper,1930-12-02,British
cabianca,Giulio,Cabianca,1923-02-19,Italian
drogo,Piero,Drogo,1926-08-08,Italian
gamble,Fred,Gamble,1932-03-17,American
owen,Arthur,Owen,1915-03-23,British
gould,Horace,Gould,1918-09-20,British
drake,Bob,Drake,1919-12-14,American
bueb,Ivor,Bueb,1923-06-06,British
Changy,Alain,de Changy,1922-02-05,Belgian
filippis,Maria,de Filippis,1926-11-11,Italian
lucienbonnet,Jean,Lucienbonnet,1923-01-07,French
testut,André,Testut,1926-04-13,Monegasque
behra,Jean,Behra,1921-02-16,French
paul_russo,Paul,Russo,1914-04-10,American
daywalt,Jimmy,Daywalt,1924-08-28,American
arnold,Chuck,Arnold,1926-05-30,American
keller,Al,Keller,1920-04-11,American
flaherty,Pat,Flaherty,1926-01-06,American
cheesbourg,Bill,Cheesbourg,1927-06-12,American
ray_crawford,Ray,Crawford,1915-10-26,American
turner,Jack,Turner,1920-02-12,American
weyant,Chuck,Weyant,1923-04-03,American
larson,Jud,Larson,1923-01-21,American
magill,Mike,Magill,1920-02-08,American
shelby,Carroll,Shelby,1923-01-11,American
orey,Fritz,d'Orey,1938-03-25,Brazilian
fontes,Azdrubal,Fontes,1922-12-26,Uruguayan
ashdown,Peter,Ashdown,1934-10-16,British
bill_moss,Bill,Moss,1933-09-04,British
dennis_taylor,Dennis,Taylor,1921-06-12,British
blanchard,Harry,Blanchard,1929-06-13,American
tomaso,Alessandro,de Tomaso,1928-07-10,Argentine-Italian
constantine,George,Constantine,1918-02-22,American
said,Bob,Said,1932-05-05,American
cade,Phil,Cade,1916-06-12,American
musso,Luigi,Musso,1924-07-28,Italian
hawthorn,Mike,Hawthorn,1929-04-10,British
fangio,Juan,Fangio,1911-06-24,Argentine
godia,Paco,Godia,1921-03-21,Spanish
collins,Peter,Collins,1931-11-06,British
kavanagh,Ken,Kavanagh,1923-12-12,Australian
gerini,Gerino,Gerini,1928-08-10,Italian
kessler,Bruce,Kessler,1936-03-23,American
emery,Paul,Emery,1916-11-12,British
piotti,Luigi,Piotti,1913-10-27,Italian
ecclestone,Bernie,Ecclestone,1930-10-28,British
taramazzo,Luigi,Taramazzo,1932-05-05,Italian
chiron,Louis,Chiron,1899-08-03,Monegasque
lewis-evans,Stuart,Lewis-Evans,1930-04-20,British
george_amick,George,Amick,1924-10-24,American
reece,Jimmy,Reece,1929-11-17,American
parsons,Johnnie,Parsons,1918-07-04,American
tolan,Johnnie,Tolan,1917-10-22,American
garrett,Billy,Garrett,1933-04-24,American
elisian,Ed,Elisian,1926-12-09,American
connor,Pat,O'Connor,1928-10-09,American
jerry_unser,Jerry,Unser,1932-11-15,American
bisch,Art,Bisch,1926-11-10,American
goethals,Christian,Goethals,1928-08-04,Belgian
gibson,Dick,Gibson,1918-04-16,British
la_caze,Robert,La Caze,1917-02-26,French
guelfi,André,Guelfi,1919-05-06,French
picard,François,Picard,1921-04-26,French
bridger,Tom,Bridger,1934-06-24,British
portago,Alfonso,de Portago,1928-10-11,Spanish
perdisa,Cesare,Perdisa,1932-10-21,Italian
castellotti,Eugenio,Castellotti,1930-10-10,Italian
simon,André,Simon,1920-01-05,French
leston,Les,Leston,1920-12-16,British
hanks,Sam,Hanks,1914-07-13,American
linden,Andy,Linden,1922-04-05,American
teague,Marshall,Teague,1921-02-22,American
edmunds,Don,Edmunds,1930-09-23,American
agabashian,Fred,Agabashian,1913-08-21,American
george,Elmer,George,1928-07-15,American
macdowel,Mike,MacDowel,1932-09-13,British
mackay-fraser,Herbert,MacKay-Fraser,1927-06-23,American
gerard,Bob,Gerard,1914-01-19,British
maglioli,Umberto,Maglioli,1928-06-05,Italian
england,Paul,England,1929-03-28,Australian
landi,Chico,Landi,1907-07-14,Brazilian
uria,Alberto,Uria,1924-07-11,Uruguayan
ramos,Hernando,da Silva Ramos,1925-12-07,Brazilian
bayol,Élie,Bayol,1914-02-28,French
manzon,Robert,Manzon,1917-04-12,French
rosier,Louis,Rosier,1905-11-05,French
sweikert,Bob,Sweikert,1926-05-20,American
griffith,Cliff,Griffith,1916-02-06,American
dinsmore,Duke,Dinsmore,1913-04-10,American
andrews,Keith,Andrews,1920-06-15,American
frere,Paul,Frère,1917-01-30,Belgian
villoresi,Luigi,Villoresi,1909-05-16,Italian
scotti,Piero,Scotti,1909-11-11,Italian
chapman,Colin,Chapman,1928-05-19,British
titterington,Desmond,Titterington,1928-05-01,British
scott_Brown,Archie,Scott Brown,1927-05-13,British
volonterio,Ottorino,Volonterio,1917-12-07,Swiss
milhoux,André,Milhoux,1928-12-09,Belgian
graffenried,Toulo,de Graffenried,1914-05-18,Swiss
taruffi,Piero,Taruffi,1906-10-12,Italian
farina,Nino,Farina,1906-10-30,Italian
mieres,Roberto,Mieres,1924-12-03,Argentine
mantovani,Sergio,Mantovani,1929-05-22,Italian
bucci,Clemar,Bucci,1920-09-04,Argentine
iglesias,Jesús,Iglesias,1922-02-22,Argentine
ascari,Alberto,Ascari,1918-07-13,Italian
kling,Karl,Kling,1910-09-16,German
birger,Pablo,Birger,1924-01-07,Argentine
pollet,Jacques,Pollet,1922-07-02,French
macklin,Lance,Macklin,1919-09-02,British
whiteaway,Ted,Whiteaway,1928-11-01,British
davies,Jimmy,Davies,1929-08-08,American
faulkner,Walt,Faulkner,1920-02-16,American
niday,Cal,Niday,1914-04-29,American
cross,Art,Cross,1918-01-24,American
vukovich,Bill,Vukovich,1918-12-13,American
mcgrath,Jack,McGrath,1919-10-08,American
hoyt,Jerry,Hoyt,1929-01-29,American
claes,Johnny,Claes,1916-08-11,Belgian
peter_walker,Peter,Walker,1912-10-07,British
sparken,Mike,Sparken,1930-06-16,French
wharton,Ken,Wharton,1916-03-21,British
mcalpine,Kenneth,McAlpine,1920-09-21,British
marr,Leslie,Marr,1922-08-14,British
rolt,Tony,Rolt,1918-10-16,British
fitch,John,Fitch,1917-08-04,American
lucas,Jean,Lucas,1917-04-25,French
bira,Prince,Bira,1914-07-15,Thai
marimon,Onofre,Marimón,1923-12-19,Argentine
loyer,Roger,Loyer,1907-08-05,French
daponte,Jorge,Daponte,1923-06-05,Argentine
nazaruk,Mike,Nazaruk,1921-10-02,American
crockett,Larry,Crockett,1926-10-23,American
ayulo,Manny,Ayulo,1921-10-20,American
armi,Frank,Armi,1918-10-12,American
webb,Travis,Webb,1910-10-08,American
duncan,Len,Duncan,1911-07-25,American
mccoy,Ernie,McCoy,1921-02-19,American
swaters,Jacques,Swaters,1926-10-30,American
georges_berger,Georges,Berger,1918-09-14,Belgian
beauman,Don,Beauman,1928-07-26,British
thorne,Leslie,Thorne,1916-06-23,British
whitehouse,Bill,Whitehouse,1909-04-01,British
riseley_prichard,John,Riseley-Prichard,1924-01-17,British
reg_parnell,Reg,Parnell,1911-07-02,British
whitehead,Peter,Whitehead,1914-11-12,British
brandon,Eric,Brandon,1920-07-18,British
alan_brown,Alan,Brown,1919-11-20,British
nuckey,Rodney,Nuckey,1929-06-26,British
lang,Hermann,Lang,1909-04-06,German
helfrich,Theo,Helfrich,1913-05-13,German
wacker,Fred,Wacker,1918-07-10,American
riu,Giovanni,de Riu,1925-03-10,Italian
galvez,Oscar,Gálvez,1913-08-17,Argentine
john_barber,John,Barber,1929-07-22,British
bonetto,Felice,Bonetto,1903-06-09,Italian
cruz,Adolfo,Cruz,1923-06-28,Argentine
nalon,Duke,Nalon,1913-03-02,American
scarborough,Carl,Scarborough,1914-07-03,American
holland,Bill,Holland,1907-12-18,American
bob_scott,Bob,Scott,1928-10-04,American
legat,Arthur,Legat,1898-11-01,Belgian
cabantous,Yves,Cabantous,1904-10-08,French
crook,Tony,Crook,1920-02-16,British
jimmy_stewart,Jimmy,Stewart,1931-03-06,British
ian_stewart,Ian,Stewart,1929-07-15,British
duncan_hamilton,Duncan,Hamilton,1920-04-30,British
klodwig,Ernst,Klodwig,1903-05-23,East German
krause,Rudolf,Krause,1907-03-30,East German
karch,Oswald,Karch,1917-03-06,German
heeks,Willi,Heeks,1922-02-13,German
fitzau,Theo,Fitzau,1923-02-10,East German
adolff,Kurt,Adolff,1921-11-05,German
bechem,Günther,Bechem,1921-12-21,German
bauer,Erwin,Bauer,1912-07-17,German
hans_stuck,Hans,von Stuck,1900-12-27,German
loof,Ernst,Loof,1907-07-04,German
scherrer,Albert,Scherrer,1908-02-28,Swiss
terra,Max,de Terra,1918-10-06,Swiss
hirt,Peter,Hirt,1910-03-30,Swiss
carini,Piero,Carini,1921-03-06,Italian
fischer,Rudi,Fischer,1912-04-19,Swiss
ulmen,Toni,Ulmen,1906-01-25,German
abecassis,George,Abecassis,1913-03-21,British
george_connor,George,Connor,1906-08-16,American
rigsby,Jim,Rigsby,1923-06-06,American
james,Joe,James,1925-05-23,American
schindler,Bill,Schindler,1909-03-06,American
fonder,George,Fonder,1917-06-22,American
banks,Henry,Banks,1913-06-14,American
mcdowell,Johnny,McDowell,1915-01-29,American
miller,Chet,Miller,1902-07-19,American
ball,Bobby,Ball,1925-08-26,American
tornaco,Charles,de Tornaco,1927-06-07,Belgian
laurent,Roger,Laurent,1913-02-21,Belgian
obrien,Robert,O'Brien,1908-04-11,American
gaze,Tony,Gaze,1920-02-03,Australian
charrington,Robin,Montgomerie-Charrington,1915-06-23,British
comotti,Franco,Comotti,1906-07-24,Italian
etancelin,Philippe,Étancelin,1896-12-28,French
poore,Dennis,Poore,1916-08-19,British
thompson,Eric,Thompson,1919-11-04,British
downing,Ken,Downing,1917-12-05,British
graham_whitehead,Graham,Whitehead,1922-04-15,British
bianco,Gino,Bianco,1916-07-22,Brazilian
murray,David,Murray,1909-12-28,British
cantoni,Eitel,Cantoni,1906-10-04,Uruguayan
aston,Bill,Aston,1900-03-29,British
brudes,Adolf,Brudes,1899-10-15,German
riess,Fritz,Riess,1922-07-11,German
niedermayr,Helmut,Niedermayr,1915-11-29,German
klenk,Hans,Klenk,1919-10-28,German
balsa,Marcel,Balsa,1909-01-01,French
schoeller,Rudolf,Schoeller,1902-04-27,Swiss
pietsch,Paul,Pietsch,1911-06-20,German
peters,Josef,Peters,1914-09-16,German
lof,Dries,van der Lof,1919-08-23,Dutch
flinterman,Jan,Flinterman,1919-10-02,Dutch
dusio,Piero,Dusio,1899-10-13,Italian
crespo,Alberto,Crespo,1920-01-16,Argentine
rol,Franco,Rol,1908-06-05,Italian
sanesi,Consalvo,Sanesi,1911-03-28,Italian
guy_mairesse,Guy,Mairesse,1910-08-10,French
louveau,Henri,Louveau,1910-01-25,French
wallard,Lee,Wallard,1910-09-07,American
forberg,Carl,Forberg,1911-03-04,American
rose,Mauri,Rose,1906-05-26,American
mackey,Bill,Mackey,1927-12-15,American
green,Cecil,Green,1919-09-30,American
walt_brown,Walt,Brown,1911-12-30,American
hellings,Mack,Hellings,1915-09-14,American
levegh,Pierre,Levegh,1905-12-22,French
chaboud,Eugène,Chaboud,1907-04-12,French
gordini,Aldo,Gordini,1921-05-20,French
kelly,Joe,Kelly,1913-03-13,Irish
parker,Philip,Fotheringham-Parker,1907-09-22,British
shawe_taylor,Brian,Shawe Taylor,1915-01-28,British
john_james,John,James,1914-05-10,British
branca,Toni,Branca,1916-09-15,Swiss
richardson,Ken,Richardson,1911-08-21,British
jover,Juan,Jover,1903-11-23,Spanish
grignard,Georges,Grignard,1905-07-25,French
hampshire,David,Hampshire,1917-12-29,British
crossley,Geoff,Crossley,1921-05-11,British
fagioli,Luigi,Fagioli,1898-06-09,Italian
harrison,Cuth,Harrison,1906-07-06,British
fry,Joe,Fry,1915-10-26,British
martin,Eugène,Martin,1915-03-24,French
leslie_johnson,Leslie,Johnson,1912-03-22,British
biondetti,Clemente,Biondetti,1898-08-18,Italian
pian,Alfredo,Pián,1912-10-21,Argentine
sommer,Raymond,Sommer,1906-08-31,French
chitwood,Joie,Chitwood,1912-04-14,American
fohr,Myron,Fohr,1912-06-17,American
ader,Walt,Ader,1913-12-15,American
holmes,Jackie,Holmes,1920-09-04,American
levrett,Bayliss,Levrett,1914-02-14,American
jackson,Jimmy,Jackson,1910-07-25,American
pagani,Nello,Pagani,1911-10-11,Italian
pozzi,Charles,Pozzi,1909-08-27,French
serafini,Dorino,Serafini,1909-07-22,Italian
cantrell,Bill,Cantrell,1908-01-31,American
mantz,Johnny,Mantz,1918-09-18,American
kladis,Danny,Kladis,1917-02-10,American
oscar_gonzalez,Óscar,González,1923-11-10,Uruguayan
